me_recipe_name,me_recipe_id,recipe_type,category,recipe_cost,menu_price,is_inactive
 Jester King Le Petit Prince Farmhouse 16oz Can,833067715,Beer,BAR,2.88,2.88,True
1/2 doz Cinnamon Raisin Bagels,375806678,Freezer,MENU,1.6,1.6,False
1/2 Dozen Bialys,246657553,Freezer,MENU,0.68,0.68,False
1/2 Pint Hot Paste,467047904,Retail,MENU,2.5,2.5,False
1/2 Pint Katsu Sauce,467054619,Retail,MENU,1.36,1.36,False
1/2 Pint Pickled Shiitakes,467048996,Retail,MENU,2.03,2.03,False
1/2 Pint Retail Hot Aioli,467017731,Retail,MENU,1.99,1.99,False
1/2 Pint Tabasco Honey,467048268,Retail,MENU,2.79,2.79,False
1/2 Pour Boston Maple Cream,612675235,Spirits,BAR,0.66,0.66,False
1/2 Sour Pickles (retail Quart),301895879,Deli Case,MENU,4.08,4.08,False
1/2# Corned Beef,247932824,Deli Case,MENU,5.46,5.46,False
1/2# Nova (hand-sliced),247931929,Deli Case,MENU,7.69,7.69,False
1/2# Pastrami,247932478,Deli Case,MENU,4.97,4.97,False
1/2gl Albone Glass,612676704,Wine,BAR,1.31,1.31,True
1/2gl Alsina Cava,612675599,Wine,BAR,0.82,0.82,False
1/2gl Damase Picpoul Glass ,612675866,Wine,BAR,1.12,1.12,True
1/2gl Mary Taylor Nimes Glass ,612676147,Wine,BAR,1.18,1.18,True
1/2gl Meinklang Mulutshack Weisser,612675955,Wine,BAR,1.31,1.31,True
1/4# Nova Lox - hand sliced,301908283,Deli Case,MENU,3.91,3.91,False
1/4# Sable,247932342,Deli Case,MENU,7.38,7.38,False
1/4# Sturgeon,247933283,Deli Case,MENU,9.61,9.61,False
12oz Hibiscus Iced Tea,298395647,Drinks,MENU,0.87,0.87,False
15 Stars Timeless Reserve 13yr Bourbon,1058129258,Spirits,BAR,11.97,11.97,False
20oz Hibiscus Iced Tea,298397909,Drinks,MENU,0.87,0.87,False
20oz Iced Coffee,298392205,Drinks,MENU,1.62,1.62,False
4PK Notch State Park Lager,522480199,Draught Beer,BAR,8,8,True
50/50 Margarita,645498278,Cocktail List,BAR,1.46,1.46,False
"6"" Funfetti Cake  1 ",620659903,Custom Cakes,MENU,3.84,3.84,False
6-pack Assorted Bagels ,246304090,Freezer,MENU,0.92,0.92,False
"8"" Funfetti Cake ",621132425,Custom Cakes,MENU,7.43,7.43,False
A Few Small Beers,1139976860,Beer,BAR,2.44,2.44,True
Aberlour,816627069,Spirits,BAR,3.35,3.35,False
Add Fried Egg,973502468,Sides,MENU,0.27,0.27,False
Add Katsu Chicken,973499901,Sides,MENU,1.29,1.29,False
Add Old Fashioned Bacon,973501897,Sides,MENU,0.23,0.23,False
Add Second Flat Patty,973500678,Sides,MENU,1,1,False
After Hours,280322486,Cocktail,BAR,1.88,1.88,True
Air Mail,387317621,Cocktail,BAR,2.05,2.05,False
Alaska,823011175,Cocktail,BAR,3.06,3.06,False
Allagash White Ale,421842417,Beer,BAR,1.5,1.5,False
Almanac strawberry shorty,612676942,Draught Beer,BAR,0.95,0.95,True
Always Sunny,973152043,Cocktail,BAR,0.56,0.56,True
Amabuki Himawari Junmai Ginjo Cup Sake,1175870754,Beer,BAR,15.67,15.67,False
Amaretto Sour,973122714,Cocktail,BAR,1.49,1.49,False
Angostura 1 oz Shot,507281217,Spirits,BAR,1.28,1.28,False
Aperol,816670772,Spirits,BAR,1.26,1.26,False
Aperol Spritz,697255440,Cocktail,BAR,2.67,2.67,False
Apple Custard Pie - slice,622617086,Holiday Items,MENU,1.05,1.05,True
Apple Custard Pie - whole,622616424,Holiday Items,MENU,9.95,9.95,True
Appleton 8 Daiquiri,493502656,Cocktail,BAR,2.89,2.89,True
Appleton 8 Yr Daiquiri,493502225,Cocktail,BAR,2.89,2.89,True
Ardbeg 10YR,816627668,Spirits,BAR,3.45,3.45,False
Arette Gimlet,435614023,Cocktail,BAR,1.44,1.44,True
Arette Margarita,416031073,Cocktail,BAR,1.68,1.68,True
Arette Paloma,433518229,Cocktail,BAR,1.37,1.37,True
Artemisian Order,535297536,Cocktail,BAR,1.84,1.84,False
Artichoke/Chickpea Tagine,551776174,Dinner Catering,MENU,12.64,12.64,False
Artifact LWB Cider,522513412,Beer,BAR,2.63,2.63,False
Artifact Slow Down,1084755727,Beer,BAR,2.42,2.42,True
Athletic Golden Ale,421843127,Beer,BAR,1.4,1.4,False
Athletic Michelada,434936449,Cocktail,BAR,1.62,1.62,True
Atomic Black Espresso Liqueur,763598847,Spirits,BAR,1.24,1.24,False
Averna,816671527,Spirits,BAR,1.65,1.65,False
Babka French Toast (brunch),842797492,Brunch Menu,MENU,1.45,1.45,False
Babka French Toast - Retail,375799173,Brunch Menu,MENU,1.82,1.82,False
Babka Making Class for 20 ppl,609008238,Classes,MENU,208.27,208.27,False
"Babka Muffin, Chocolate",246966666,Pastries,MENU,0.64,0.64,True
"Babka Muffin, Cinnamon",246966550,Pastries,MENU,0.37,0.37,True
Bad Seed Cider,421842601,Beer,BAR,2.27,2.27,True
Bag O' Potato Chips,301817180,Sides,MENU,1.21,1.21,True
Bagel & Veggie Platter,401577391,Platters,MENU,12.41,12.41,False
"Bagels, Smoked Fish, and Cream Cheese",338644338,Packages,MENU,13.32,13.32,False
Baharat Spiced Chickpea Burger,1112150326,Sandwiches,MENU,2.14,2.14,False
Bakemono #9 Odorashi,1074797778,Spirits,BAR,11.35,11.35,False
Banana Spritz Single,973145390,Cocktail List,BAR,2.14,2.14,True
"Banana, Halvah & Chocolate Chunk Muffins",249891257,Pastries,MENU,0.59,0.59,False
Banana-Split Ice Cream Sandwich,298252742,Pastries,MENU,1.75,1.75,True
Bandolero,280317440,Cocktail,BAR,5.91,5.91,False
Barr Hill Gimlet,485827544,Cocktail,BAR,3.04,3.04,False
Barr Hill Gin Gibson,306017721,Cocktail,BAR,3.28,3.28,False
Barr Hill Gin Shot,507282858,Spirits,BAR,2.06,2.06,False
Barr Hill Martini,486193046,Cocktail,BAR,3.54,3.54,False
Barr Hill Negroni,485207840,Cocktail,BAR,2.95,2.95,False
Barr Hill Tom Cat Gin,652766972,Spirits,BAR,2.68,2.68,False
Becherovka,562663263,Spirits,BAR,1.56,1.56,False
Bee's Knees,662846632,Cocktail,BAR,1.8,1.8,False
Beef Borscht (retail quart),301910878,Freezer,MENU,5.22,5.22,False
Beef Tounge by the 1/2#,301907235,Deli Case,MENU,6.03,6.03,True
Beer Cheese,252640319,Appetizers,MENU,3.17,3.17,True
Beet Horseradish - Passover,377964462,Holiday Items,MENU,1.28,1.28,False
Beetnik,757349863,Cocktail List,BAR,4.12,4.12,False
Bella's Revenge,564354672,Cocktail,BAR,1.85,1.85,True
Belleflower Scrugsy IPA,625205244,Draught Beer,BAR,0,,True
Belleflower Violet Palms 16oz Can,1176827003,Beer,BAR,3.19,3.19,False
Belleflower Witches,562618771,Beer,BAR,3.52,3.52,True
Benedictine,816672049,Spirits,BAR,1.53,1.53,False
Bergamot Sour,757349660,Cocktail,BAR,1.57,1.57,False
Bergamot Sr,512419439,Cocktail,BAR,2.95,2.95,False
BEST BUDDY,381676829,Cocktail,BAR,2.85,2.85,True
Best Buddy Cocktail,1220475577,Cocktail List,BAR,2.58,2.58,False
Best Foot Forward,252659920,Cocktail,BAR,1.85,1.85,True
Big Drop Coba Maya,669151607,Beer,BAR,1.52,1.52,True
Big Veggie Mac,981706879,Sandwiches,MENU,1.44,1.44,True
Biggie Mimosa,467841242,Cocktail,BAR,1.98,1.98,False
Black and White Poppy Hamantaschen,351519000,Pastries,MENU,0.35,0.35,False
Black Bean Chili (freezer retail),842799335,Freezer,MENU,3.71,3.71,False
Blandy's Bual Madeira 3 oz,507355296,Spirits,BAR,2.65,2.65,True
Blanton's,433506974,Spirits,BAR,2.98,2.98,False
Blintzes (frozen bag of 4),238013764,Freezer,MENU,4.08,4.08,False
"Blintzes, Platter",849917379,Dinner Catering,MENU,12.43,12.43,False
Bloc Party,827113238,Cocktail,BAR,2.15,2.15,True
Blood Orange Margarita,638962075,Cocktail,BAR,2.74,2.74,True
Blood Orange Michelada,320140674,Cocktail,BAR,1.41,1.41,False
Bloody Mary,485389419,Drinks,MENU,2.59,2.59,False
Bloody Mary Pitcher,624363677,Cocktail,BAR,5.59,5.59,False
Bloody Moira (virgin),298377833,Cocktail,BAR,24.63,24.63,True
Bloody Moira for 1,401550472,Drinks,MENU,1.23,1.23,True
Bloody Moira for 2,401547997,Drinks,MENU,2.01,2.01,True
Bloody Moira for 4,401548348,Drinks,MENU,4.02,4.02,True
Bloody Moira w/vodka,331240578,Cocktail,BAR,57.6,57.6,True
Blue Whale,370159136,Cocktail,BAR,2.2,2.2,False
Bodega Brunch - B.E.C.,593641439,Brunch Menu,MENU,0.93,0.93,False
Bodega Brunch - Breakfast Sandwich,593648521,Brunch Menu,MENU,1.81,1.81,False
Bodega Brunch - Brocc. You Like a Hurricane,593643982,Brunch Menu,MENU,0.64,0.64,False
Bodega Brunch - El Camino,593642458,Brunch Menu,MENU,0.99,0.99,False
Bodega Brunch - Fried Chicken Torta,593650399,Brunch Menu,MENU,2.19,2.19,False
Bodega Brunch - Guadalupe,593645413,Brunch Menu,MENU,0.63,0.63,False
Bodega Brunch - Highwayman,593644995,Brunch Menu,MENU,0.88,0.88,False
Bodega Brunch - HomeFries,593672265,Brunch Menu,MENU,0.84,0.84,False
Bodega Brunch - Omelette,593671160,Brunch Menu,MENU,3.61,3.61,False
Bodega Brunch - Red Bandana,593647312,Brunch Menu,MENU,1.47,1.47,False
Bodega Brunch - Shotgun Willie,597308825,Brunch Menu,MENU,0.85,0.85,False
Bodega Brunch - Side Bacon,593671244,Brunch Menu,MENU,0.76,0.76,False
Bodega Brunch - Side Sausage,593672488,Brunch Menu,MENU,0.84,0.84,False
Bodega Brunch - Two Egg Plates,593669351,Brunch Menu,MENU,1.19,1.19,False
Bodega Brunch - Wolfman of Del Rio,597307478,Brunch Menu,MENU,0.98,0.98,False
Bodega Brunch - Xtra Tortilla,593672356,Brunch Menu,MENU,0.05,0.05,False
Bols Genever,816667875,Spirits,BAR,1.56,1.56,False
Bonecrusher,353026981,Cocktail List,BAR,3.59,3.59,False
Bonecrusher with Tanteo,252660976,Cocktail,BAR,2.05,2.05,True
Bookers,791953726,Spirits,BAR,4.58,4.58,False
Books - 100 Most Jewish Foods,413852216,Retail,MENU,8.98,8.98,False
Books- How to Raise a Jewish Dog,413848530,Retail,MENU,8.48,8.48,False
"Bottle Spring Water, 16.9oz.",379447213,Drinks,MENU,0.24,0.24,False
Boulevardier,280318024,Cocktail,BAR,3.59,3.59,False
Bounty Daiquiri,493496137,Cocktail,BAR,1.4,1.4,False
Bourbon-Vanilla Milkshake,401541711,Drinks,MENU,5,5,True
Box of Coffee,285655233,Drinks,MENU,12.04,12.04,False
Box of Tea,285660011,Drinks,MENU,9.37,9.37,False
Braised Brisket - Passover,587293067,Holiday Items,MENU,15.67,15.67,False
Braised Brisket for 12 ppl,551778043,Dinner Catering,MENU,58.74,58.74,False
Brand Gl,562622382,Wine,BAR,2.46,2.46,True
Brasserie de Blaugies La Vermontoise,1091179285,Beer,BAR,10.75,10.75,True
Braulio,816672391,Spirits,BAR,1.45,1.45,False
Bread and Butter Pickle Cocktail,455879348,Cocktail,BAR,1.73,1.73,True
Bread and Butter Pickles ,1176918695,Appetizers,MENU,0.56,0.56,False
Breakfast Classics Sandwich Platter,338684509,Platters,MENU,27.77,27.77,False
Brennivin,816668116,Spirits,BAR,1.45,1.45,False
Brick and Feather Saurons Porter,1032062192,Beer,BAR,3.08,3.08,True
Brine of Frankenstien,997089200,Cocktail,BAR,0.91,0.91,True
Brisket Quesadilla,816586417,Appetizers,MENU,2.77,2.77,False
Broad Holiday Cocktail,513253093,Cocktail,BAR,2.12,2.12,True
Broccoli Tempura,488194211,Appetizers,MENU,1.5,1.5,True
Broccolini & Cheddar Sauce,873143962,Appetizers,MENU,0.96,0.96,True
Brutes Feels,840766039,Beer,BAR,0,,True
Brutes Rosa,840766164,Beer,BAR,0,,True
Buffalo Spiced Nuts,488283784,Appetizers,MENU,0.73,0.73,True
Buffalo Trace,433507322,Spirits,BAR,1.44,1.44,False
Buffalo Trace Manhattan,486197162,Cocktail,BAR,2.52,2.52,False
Buffalo Trace Old Fashioned,485836776,Cocktail,BAR,2.02,2.02,False
Buick 6,827114198,Cocktail,BAR,2.34,2.34,True
Bulgur Tabbouli,473179193,Dinner Catering,MENU,16.79,16.79,False
Bulk Bagels - Baker's Dozen,375238896,Breads,MENU,2.35,2.35,False
Bushwacker - Single,404222422,Cocktail,BAR,2.2,2.2,True
Butternut Squash Lasagna,1073846087,Entree Plates,MENU,3.54,3.54,True
Cactus Prick,972605858,Cocktail List,BAR,0.29,0.29,False
Cadenhead's Old Raj Red Label Gin,1235814293,Spirits,BAR,2.52,2.52,False
Caldo Cocktail,463573767,Cocktail,BAR,2.64,2.64,True
Cameron's Kick,388658678,Cocktail,BAR,2.43,2.43,False
Campari,816673156,Spirits,BAR,1.53,1.53,False
Campari and OJ,478066106,Cocktail,BAR,3.25,3.25,False
Candle - Good Light Shabbat (white),413848325,Retail,MENU,6,6,False
Candy Apple Jack Rose,997226170,Cocktail,BAR,2.22,2.22,True
"Candy,  C-Howard's Lemon Mints",413232677,Retail,MENU,0.9,0.9,False
"Candy, C-Howard's Scented Gum",413233021,Retail,MENU,0.9,0.9,False
"Candy, C-Howard's Spearmint Mints",413234058,Retail,MENU,0.9,0.9,False
"Candy, C-Howard's Violets",413235074,Retail,MENU,0.9,0.9,False
"Candy, Chocolate Covered Halvah",413232462,Retail,MENU,1.61,1.61,False
"Candy, Fruit Slice",413230709,Retail,MENU,0.66,0.66,False
"Candy, Goldenberg's Peanut Chews",413235404,Retail,MENU,1.1,1.1,False
"Candy, Joyva Jelly Rings",413235773,Retail,MENU,1.21,1.21,False
"Candy, Orthodox Chews",413232050,Retail,MENU,0.01,0.01,False
"Candy, Pickle Cotton Candy",413236627,Retail,MENU,2.54,2.54,False
"Candy, Rendez Vous Hard Candy",413237108,Retail,MENU,1.92,1.92,False
"Candy, Sesame Crunch",413237895,Retail,MENU,0.09,0.09,False
Canteloupe Drink,526545324,Cocktail,BAR,3.08,3.08,False
"Cap, Mamaleh's Dad Cap",413857040,Retail,MENU,15,15,False
Cap- Pickles the Great,413859033,Retail,MENU,15,15,False
cape codder cocktail,484721889,Drinks,MENU,2.15,2.15,False
Carafe From the Tank Rouge,829548931,Wine,BAR,8.71,8.71,False
Carpano Rosso,816681556,Spirits,BAR,1.06,1.06,True
Cascahuin Reposado Tequila,898646561,Spirits,BAR,5.61,5.61,False
Casino Cocktail,391945601,Cocktail,BAR,3.41,3.41,True
Catering - Yogurt & Fruit Spread for 10,1256504673,Dinner Catering,MENU,18.17,18.17,False
Catrina Negroni,323605448,Cocktail,BAR,2.44,2.44,False
Cauliflower Salad - Passover,587275258,Holiday Items,MENU,2.16,2.16,False
Cellario E Rosato,499652061,Wine,BAR,1.97,1.97,True
Chai Spiced Whiskey and Cider,1022118352,Cocktail,BAR,1.84,1.84,True
Chairman's Reserve Daiquiri,493500897,Cocktail,BAR,2.3,2.3,False
"Challah - Decorative Loaf, large",632237697,Dinner Catering,MENU,11.73,11.73,False
"Challah - Decorative Loaf, small",632237639,Dinner Catering,MENU,5.21,5.21,False
Challah - Round,475317693,Breads,MENU,1.21,1.21,False
Challah - Round w/ Raisins,475319143,Breads,MENU,2.04,2.04,False
Challah Loaf,245860740,Breads,MENU,1.38,1.38,False
Challah Roll,245858740,Breads,MENU,0.14,0.14,False
Challah Stuffing,493505550,Holiday Items,MENU,3.14,3.14,False
Challah Stuffing - Thanksgiving,494954772,Holiday Items,MENU,7.37,7.37,False
Champagne of Burgers (Winter 2026),1112135646,Entree Plates,MENU,4.28,4.28,False
Champs Élysées,422020307,Cocktail,BAR,2.79,2.79,False
Charlie's Turkey Sandwich,413846256,Sandwiches,MENU,1.28,1.28,False
Charoset - Passover,377248413,Holiday Items,MENU,18.83,18.83,False
Charoset Pie,490457274,Holiday Items,MENU,7.83,7.83,False
Charoset Pie - Whole - Thanksgiving,493698372,Holiday Items,MENU,10.62,10.62,False
Charred Brocolini,298766398,Appetizers,MENU,1.89,1.89,True
Chartreuse Green,816677172,Spirits,BAR,2.79,2.79,False
Chartreuse Yellow,816677250,Spirits,BAR,2.79,2.79,False
Cheddar Cheese (retail 1/2#),301897827,Deli Case,MENU,2.27,2.27,False
Cherry Hand Pies,298776945,Pastries,MENU,3.56,3.56,True
Chet Baker,862216123,Cocktail,BAR,2.37,2.37,False
Chichicapa Mezcaletti,562653483,Cocktail,BAR,1.97,1.97,False
Chicken Fried Oysters,298748699,Appetizers,MENU,3.7,3.7,True
Chicken Katsu,298760132,Sandwiches,MENU,3.15,3.15,False
Chicken Paprikash Pot Pie,247957547,Freezer,MENU,3.38,3.38,True
Chocolate Babka Loaf,471591660,Freezer,MENU,2.9,2.9,True
Chocolate Cake - 8in,312691918,Pastries,MENU,11.98,11.98,False
Chocolate Cake - Slice,621144826,Pastries,MENU,1.14,1.14,False
Chocolate Cream Sufganiyot,510290297,Holiday Items,MENU,0.8,0.8,False
Chocolate Milk - Mapleline,379463189,Drinks,MENU,1.9,1.9,False
Chocolate Sufganiyot,622637235,Holiday Items,MENU,0.8,0.8,False
Chocolate Tahini Swirl Pie,490475812,Holiday Items,MENU,6.4,6.4,False
Chocolate Tartlets,545320774,Pastries,MENU,1.46,1.46,False
Chopped Liver Appetizer,409372581,Sides,MENU,1.9,1.9,False
Cimarron Margarita,369529047,Cocktail,BAR,1.76,1.76,True
Cimarron Paloma,369528924,Cocktail,BAR,1.45,1.45,True
Cinnamon Babka Loaf,471591882,Freezer,MENU,1.72,1.72,True
Cinnamon Raisin Bagel - Fresh ,606317604,Breads,MENU,0.26,0.26,False
Citizen Cider,499732131,Beer,BAR,2.77,2.77,True
Clairin Communal,1074783175,Spirits,BAR,1.36,1.36,False
Clairin Communal Daiquiri,493496863,Cocktail,BAR,2.13,2.13,False
Clairin Le Rocher,506698874,Spirits,BAR,2.01,2.01,True
Classic Impossible Burger,298765945,Sandwiches,MENU,4.72,4.72,True
Classic Nova Platter (large),1262830287,Platters,MENU,46.48,46.48,False
Classic Nova Platter (small),401574675,Platters,MENU,24.78,24.78,False
Classic Nova Platter - NO BAGELS,1139943334,Platters,MENU,26.83,26.83,False
Clement Coconut,828905554,Spirits,BAR,1.99,1.99,False
Clocked In NOT AR,253779258,N/A Bev,BAR,0.23,0.23,True
Clos De Mourres Red Wine BTG,725170481,Wine,BAR,1.51,1.51,True
Clothing- Mamaleh's Face T-shirt,413858063,Retail,MENU,14.75,14.75,False
Clothing- Pickles the Great T-Shirt,413861117,Retail,MENU,17,17,False
Clothing- Schmutz Bib,413854132,Retail,MENU,8.25,8.25,False
Cobra's Fang,253780469,Cocktail List,BAR,1.26,1.26,False
Cocchi Americano,816682617,Spirits,BAR,1,1,False
Coffee,811007497,N/A Bev,BAR,0.07,0.07,False
Coffee Box Add-on's ,1027665969,Drinks,MENU,3.27,3.27,False
Coffee Cake - Slice,472339488,Pastries,MENU,0.53,0.53,True
Cola - Fountainhead ,973348319,N/A Bev,BAR,0.36,0.36,False
Cola Zero - Fountainhead ,973350139,N/A Bev,BAR,0.26,0.26,False
Cold Brew,973679116,N/A Bev,BAR,0.6,0.6,False
Cold Turkey Sandwich,245900811,Sandwiches,MENU,3.22,3.22,False
Collective Arts Guava Gose,1053655667,Beer,BAR,2.63,2.63,True
Collective Arts Jam Up The Mash,421845137,Beer,BAR,2.45,2.45,True
Comoz Blanc Vermouth,460727401,Spirits,BAR,0.77,0.77,False
Compass Box,562601962,Spirits,BAR,1.7,1.7,False
Confetti Cocktail,313101465,Cocktail,BAR,3.13,3.13,True
Coniston Bluebird Bitter,1037137545,Beer,BAR,5,5,True
Cookie Plate,488122267,Pastries,MENU,0.99,0.99,True
"Cookie Sandwich, Strawberry",936723261,Freezer,MENU,3.44,3.44,True
Copy1-Gl Cellario Quantabasta ,1169748064,Wine,BAR,1.38,1.38,False
Cordovan,346552431,Cocktail,BAR,1.55,1.55,False
Cordovan Cobbler,301287014,Cocktail,BAR,1.83,1.83,False
Corn and Oil,803273545,Cocktail,BAR,1.55,1.55,False
Corn Maze,997221083,Cocktail,BAR,5.46,5.46,True
Cornmeal Fried Okra,873132085,Appetizers,MENU,1.82,1.82,True
Cosmopolitan,562657001,Cocktail,BAR,1.29,1.29,False
Cottage Salad,245888847,Soups & Salads,MENU,7.36,7.36,True
Covalle Gin,945065575,Spirits,BAR,1.6,1.6,False
Cranberry Sangria,804519643,Cocktail,BAR,0.51,0.51,False
Cranberry Sauce (half pint),500617995,Holiday Items,MENU,1.92,1.92,False
Cream Cheese 2oz.,401556376,Sides,MENU,0,,True
Crispy Smoked Chicken Wings,298740573,Appetizers,MENU,4.61,4.61,False
Crooked Stave Sour Rose Can,840764024,Beer,BAR,0,,True
Crown Heights Negroni ,1255133251,Cocktail,BAR,2.17,2.17,False
Cruz de Fuego Madrecuishe,1081942010,Spirits,BAR,4.64,4.64,False
Cup Matzah Ball Soup,245898926,Soups & Salads,MENU,0.73,0.73,False
Cup of Chicken Broth,301820275,Soups & Salads,MENU,0.67,0.67,True
Cupid's Bow,336590786,Cocktail,BAR,2.41,2.41,False
Curador,398102135,Cocktail,BAR,1.99,1.99,True
Curry Cashews,576560951,Appetizers,MENU,2.53,2.53,True
Cynar,816677642,Spirits,BAR,1.23,1.23,False
Cynar Julep,740327860,Cocktail,BAR,2,2,False
Damase Picpoul Glass ,612661027,Wine,BAR,2.23,2.23,True
Dark Espresso Martini,253781084,Cocktail List,BAR,2.49,2.49,False
Dark Power,996540984,Cocktail,BAR,3.45,3.45,False
Dauny,829560398,Wine,BAR,2.56,2.56,True
Dauny BTL,829560482,Wine,BAR,0,,True
De Ranke Cuvee,708774359,Beer,BAR,15,15,True
Deadman's Handle,847394771,Cocktail,BAR,3.5,3.5,True
Death Flip,611093346,Cocktail,BAR,3.06,3.06,False
Debbie Gibson,647541114,Cocktail List,BAR,2.86,2.86,True
Decaf Coffee,973481576,N/A Bev,BAR,0.42,0.42,False
Del Maguey Chichicapa,816658641,Spirits,BAR,3.07,3.07,False
Del Maguey Pechuga,972616690,Spirits,BAR,8.42,8.42,False
Del Maguey Vida Negroni,485208466,Cocktail,BAR,2.72,2.72,False
Del Mar,348323773,Cocktail,BAR,2.69,2.69,False
Deli Classics for the Whole Family,338665944,Packages,MENU,14.19,14.19,False
Deli Mustard (retail - 12 oz squeeze bottle),297616305,Deli Case,MENU,2.32,2.32,False
Deli Platter,338686275,Platters,MENU,32.25,32.25,False
Deli Sandwich Kit (4-6 people),333473326,Packages,MENU,21.85,21.85,False
Deli Sandwich Kit (4-6 people) - NOSH Pkg,855020126,Packages,MENU,26.52,26.52,False
Denizen Dark Vatted Daiquiri,493501530,Cocktail,BAR,2.07,2.07,False
Desert Flower,972604969,Cocktail List,BAR,1.81,1.81,True
Dewars,562601527,Spirits,BAR,1.7,1.7,False
Dieu Du Ciel Peche Mortel,752179214,Beer,BAR,3.33,3.33,True
Dieu Du Ciel Peche Mortel - Latte,421846142,Beer,BAR,3.33,3.33,True
Dill Cream Cheese (half pint),239548270,Deli Case,MENU,1.9,1.9,False
Dill Vodka,298378983,Cocktail,BAR,1.38,1.38,False
Diplomático Planas,1043706156,Spirits,BAR,1.18,1.18,False
Dirty Shirley,550298674,Cocktail,BAR,1.3,1.3,False
Dogfish Head Festina Peche 12oz Can,1182530130,Beer,BAR,1.43,1.43,False
Dolin Chambéryzette,1237278033,Spirits,BAR,0.97,0.97,False
Dot Dash,311635574,Cocktail,BAR,2.39,2.39,True
Duck Confit Frites,298758880,Entree Plates,MENU,6.06,6.06,True
Duck Nachos,987354652,Appetizers,MENU,4.27,4.27,False
Dusk til Dawn,498205378,Cocktail,BAR,4.46,4.46,True
Eggplant and Chickpea Tagine (bulk),247963228,Freezer,MENU,74.19,74.19,False
EH Taylor SBB,791954560,Spirits,BAR,3.31,3.31,True
El Tesoro Shot,562625300,Spirits,BAR,4.13,4.13,False
Electric Circus ,725177514,Cocktail,BAR,2.02,2.02,True
Elijah Craig 18 ,753735179,Spirits,BAR,6.83,6.83,False
Elijah Craig Small Batch,570700701,Spirits,BAR,1.83,1.83,False
ElVelo Blanco Tequila Shot,491088348,Spirits,BAR,2.43,2.43,False
ElVelo Gimlet,493495228,Cocktail,BAR,3.58,3.58,False
Elvelo Margarita,562641056,Cocktail,BAR,3.82,3.82,False
Emerald Cocktail Shot,452334479,Cocktail,BAR,1.28,1.28,True
Empress Cup,1089298070,Cocktail,BAR,2.02,2.02,False
Epochal Trisector,708777888,Beer,BAR,10.08,10.08,True
Equiano Rum Shot,555635999,Spirits,BAR,2.63,2.63,False
Este Vinho Verde Rose Can,401551612,Drinks,MENU,2.25,2.25,True
Everglade Cocktail,459301061,Cocktail,BAR,1.86,1.86,True
Everything Bagel,246271713,Breads,MENU,0.18,0.18,False
Fancy Les Cactus,516290778,Cocktail,BAR,2.4,2.4,False
Fat Orange Cat Trapp Gose,421846016,Beer,BAR,3.32,3.32,True
Felt Mansion,535297188,Cocktail,BAR,2.41,2.41,False
Fernet Branca Shot,562629930,Spirits,BAR,1.92,1.92,False
Fernet Buck,452333319,Cocktail,BAR,2.28,2.28,False
Fiddlehead Second Fiddle IPA,846415350,Beer,BAR,2.92,2.92,False
Fireball,562662884,Spirits,BAR,0.86,0.86,False
Firefly,623416273,Cocktail,BAR,2.13,2.13,True
Fireman's Carry,677956843,Cocktail,BAR,2.03,2.03,False
Fish and Chips,1124623834,Entree Plates,MENU,4.01,4.01,False
Fish Plate Veggies,301814958,Sides,MENU,1.2,1.2,False
Fish Platter for 2,301792056,Sandwiches,MENU,7.6,7.6,False
Fish Platter for 6,301792367,Sandwiches,MENU,19.14,19.14,False
Flame Thrower,759048225,Cocktail,BAR,1.69,1.69,False
Flamingo Baby NOT AR,253784876,Cocktail,BAR,2.66,2.66,True
Flor Del Desierto Cascabel Sotol,1235817768,Spirits,BAR,2.76,2.76,False
"Flourless Chocolate Cake - 6""",380168853,Holiday Items,MENU,3.4,3.4,True
"Flourless Chocolate Cake - 7"" Passover 2024",592901462,Holiday Items,MENU,6.42,6.42,False
Flourless Chocolate Cake - Slice,380240253,Holiday Items,MENU,0.81,0.81,False
Foam Blushing,663626867,Draught Beer,BAR,1.85,1.85,True
Folded Space,827225002,Cocktail,BAR,2.94,2.94,True
Folk Machine Rose,625205568,Wine,BAR,0,,True
Fomu Vanilla Milkshake,505857822,Drinks,MENU,2,2,False
Fomu Vanilla Milkshake (inactive),401529926,Drinks,MENU,2.25,2.25,True
Ford's Gimlet,484613627,Cocktail,BAR,1.77,1.77,False
Ford's Martini,484623322,Cocktail,BAR,2.12,2.12,False
Fords Gin Shot,549525198,Spirits,BAR,1.11,1.11,False
Fortaleza Anejo,548684700,Spirits,BAR,0,0,False
Fortaleza Blanco Shot,549530270,Spirits,BAR,2.21,2.21,False
Fortaleza Reposado,816653369,Spirits,BAR,0,,False
Fortaleza Still Strength,798848586,Spirits,BAR,2.96,2.96,False
Fortaleza Winter Blend 2024,944099215,Spirits,BAR,1.43,1.43,True
Fortaleza Winter Blend Shot,555657241,Spirits,BAR,1.43,1.43,True
Fortified H&H Madeira,752874686,Wine,BAR,2.05,2.05,False
Fortified Lustau Los Arcos Amontillado Sherry,752874290,Wine,BAR,1.56,1.56,False
Fortified Lustau Papirusa Sherry,752874250,Wine,BAR,1.3,1.3,False
Four Roses Shot,562538428,Spirits,BAR,1.12,1.12,False
Freezer Martini,841245484,Cocktail,BAR,2.14,2.14,False
French 75,821243218,Cocktail,BAR,2.13,2.13,False
French Fries - Large,252641717,Sides,MENU,0.79,0.79,True
French Fries - Small,252642096,Sides,MENU,0.47,0.47,True
French Onion Aioli,826808259,Big Dipper Sauces,MENU,0.17,0.17,False
Fried Brussels Sprouts,298744790,Appetizers,MENU,2.07,2.07,True
Fried Chicken,252648423,Entree Plates,MENU,6.9,6.9,False
Fries - Large,298769112,Appetizers,MENU,1,1,False
Fries - Small,298768755,Appetizers,MENU,0.53,0.53,False
Frosita,725177022,Cocktail,BAR,3.71,3.71,False
Frost Little Lush IPA,930012808,Beer,BAR,2.63,2.63,True
Frozen Paloma Cocktail,253785511,Cocktail List,BAR,3.41,3.41,False
Frozen Pie Shell (Retail),541242301,Freezer,MENU,1.87,1.87,False
Frozen Prickly Pear Margarita,933390789,Cocktail List,BAR,3.18,3.18,True
Fry at Home Latke Mix,314549364,Deli Case,MENU,2.08,2.08,False
G4,697251928,Spirits,BAR,0,,False
G4 Tequila,816656044,Spirits,BAR,0,,False
Galaxie Cape Codder Serve,1271763179,Cocktail,BAR,1.57,1.57,False
Gefilte Fish - Passover,377237086,Holiday Items,MENU,7.16,7.16,False
Genesee Cream Ale,421841543,Beer,BAR,0.64,0.64,True
GG's Sprinkle Cookies,348846958,Pastries,MENU,0.11,0.11,False
Giano GL,1073779474,Wine,BAR,2.63,2.63,True
Giffard Apricot Shot,507350258,Spirits,BAR,1.68,1.68,False
Gin Drink,513269294,Cocktail,BAR,1.57,1.57,True
Gin Scrummy,677946434,Cocktail,BAR,2.62,2.62,True
Ginger Ale - Fountainhead ,473786496,N/A Bev,BAR,0.26,0.26,False
Ginger Beer - Fountainhead,803373626,N/A Bev,BAR,0.26,0.26,False
Gl Albone ,612662156,Wine,BAR,2.63,2.63,True
Gl Alsina Cava,562622615,Wine,BAR,1.64,1.64,False
Gl Cellario Bianco,1255122820,Wine,BAR,1.38,1.38,False
Gl Cellario Quantabasta ,1033876542,Wine,BAR,1.38,1.38,False
GL Chapeau Melon,1255121932,Wine,BAR,2.17,2.17,False
Gl Fontsainte,862193043,Wine,BAR,2.17,2.17,True
Gl From the Tank Rouge,829548808,Wine,BAR,1.32,1.32,False
Gl Incantabiss,973320489,Wine,BAR,2.63,2.63,True
Gl ISH Sparkling Rose,829547911,Wine,BAR,3.68,3.68,False
Gl La Collina Quaresimo,562624485,Wine,BAR,2.37,2.37,True
Gl Luc Poullain White,725170807,Wine,BAR,2.56,2.56,False
Gl Meinklang Mulutshack Weisser,522486558,Wine,BAR,2.63,2.63,False
Gl Muller Ruprecht,1255122079,Wine,BAR,2.89,2.89,False
Gl Pedro Parra Viniste,984356229,Wine,BAR,2.5,2.5,False
Gl Pepiere Muscadet,933509995,Wine,BAR,0,,False
GlenDronach 12 ,610938825,Spirits,BAR,0,,True
Go Sport Team,677950626,Cocktail,BAR,3.55,3.55,True
Godzilla's Night Out,564355467,Cocktail,BAR,1.06,1.06,True
Gold Rush,663498466,Cocktail,BAR,1.86,1.86,False
Golden Gate,306030131,Cocktail,BAR,1.85,1.85,False
Goldfarb Rachel,301808550,Sandwiches,MENU,4.39,4.39,True
Goldfarb's Reuben,301806639,Sandwiches,MENU,4.46,4.46,True
Graingers Shot,507282305,Spirits,BAR,0.44,0.44,True
Grand Marnier,758737227,Spirits,BAR,2.51,2.51,False
Great Yogi,562716095,Cocktail,BAR,3.47,3.47,True
Green Tea Shot,549530719,Cocktail,BAR,2.5,2.5,False
Green Walnut,387970942,Cocktail List,BAR,1.99,1.99,False
Grilled Goat Cheese,298763330,Sandwiches,MENU,4.17,4.17,True
Grimm Apricot Pop!,572506156,Beer,BAR,3.96,3.96,True
Grimm No Hands,722041232,Beer,BAR,3.42,3.42,True
Grimm Weisse,840764704,Beer,BAR,2.31,2.31,False
H&H 5 Year Madeira,569960864,Wine,BAR,2.05,2.05,True
Hal's Potato Chips  - BBQ,412110878,Sides,MENU,1,1,True
Hal's Potato Chips - Salt & Vinegar,412112578,Sides,MENU,0.98,0.98,False
Hal's Potato Chips - Salted,412111470,Sides,MENU,0.98,0.98,False
"Hal's Potato Chips, Sour Cream & Onion",412112115,Sides,MENU,0.98,0.98,False
Half & Half (Coffee Box),362824773,Drinks,MENU,1.73,1.73,False
Half & Half and Sugar (Coffee Box),362824107,Drinks,MENU,2.41,2.41,False
Half Dozen Oyster,861504991,Appetizers,MENU,4.83,4.83,False
Half Loaf A&J King Seeded Rye Bread,333484518,Breads,MENU,3.8,3.8,False
Halloween krispie treats ,744904384,Holiday Items,MENU,11.76,11.76,False
Hamantaschen - Apple Pie,1113912192,Pastries,MENU,0.24,0.24,False
Hamantaschen - Chocolate Sprinkle ,1113910441,Pastries,MENU,0.29,0.29,False
Hamantaschen - Chocolate Tahini,351522472,Pastries,MENU,0.28,0.28,False
Hamantaschen - Mixed Berry ,1113907089,Pastries,MENU,0.12,0.12,False
Hamantaschen - Sour Cherry,351520186,Pastries,MENU,0.65,0.65,False
Hamilton OP Demarara,1269271091,Spirits,BAR,1.38,1.38,False
Hana Maq 8,840765852,Beer,BAR,5.42,5.42,False
Hangtime Nuts,985432896,Sides,MENU,0.95,0.95,False
Harvest Moon,297765500,Cocktail,BAR,2.08,2.08,False
Hay Liqueur ,848937353,Spirits,BAR,1.01,1.01,False
Hay Ride Shot,1041169475,Cocktail,BAR,0.94,0.94,False
Hayman's Old Tom Gin,507340258,Spirits,BAR,1.18,1.18,False
Health Salad (10-12 ppl),555698149,Dinner Catering,MENU,11.11,11.11,False
Hearst,1186081159,Cocktail,BAR,2.18,2.18,False
Heaven Hill 18 YR ,865615787,Spirits,BAR,13.45,13.45,False
Heaven Hill 20 YR ,791953079,Spirits,BAR,12.33,12.33,False
Heaven Hill 7yr Bourbon,1134724453,Spirits,BAR,2.36,2.36,False
Heaven Hill 7yr Gold Rush,1160284455,Cocktail,BAR,3.47,3.47,False
Hendricks Gin Shot,522468498,Spirits,BAR,0.26,0.26,False
Hennessey VS,816721316,Spirits,BAR,1.91,1.91,False
Herring in Wine (half pint),301905947,Deli Case,MENU,3.3,3.3,False
Hine 'H',499649154,Spirits,BAR,2.75,2.75,True
Hochstadter's Manhattan,486198271,Cocktail,BAR,4.48,4.48,False
Holmes Cay Grand Arome Daiquiri,493504270,Cocktail,BAR,3.48,3.48,False
Honey Cake - slice,621149792,Pastries,MENU,1.03,1.03,False
Honey Cake - whole,473754839,Holiday Items,MENU,3.08,3.08,False
Honey Glazed Chicken Thighs,476843374,Holiday Items,MENU,5.09,5.09,False
Honey Glazed Chicken Thighs for 12 ppl,551779142,Dinner Catering,MENU,25.45,25.45,True
Honey Walnut Layer Cake - 8in,642921983,Custom Cakes,MENU,12.87,12.87,False
Hoodie- Pickle the Great,413859830,Retail,MENU,13.75,13.75,False
Hot 50/50 (8 oz),245831932,Sandwiches,MENU,6.66,6.66,False
Hot Blintz,842815210,Appetizers,MENU,2.49,2.49,False
Hot Blintzes,842814175,Appetizers,MENU,2.49,2.49,False
Hot Chicken,298755467,Entree Plates,MENU,7.55,7.55,True
Hot Corned Beef (4 oz.) Sandwich,240471688,Sandwiches,MENU,3.6,3.6,False
Hot Corned Beef (8 oz.) Sandwich,240472598,Sandwiches,MENU,6.12,6.12,False
Hot Dogs,301802477,Sandwiches,MENU,2.73,2.73,False
Hot Fries - Large,488882793,Appetizers,MENU,1.09,1.09,False
Hot Fries - Small,488883267,Appetizers,MENU,0.59,0.59,False
Hot Pastrami (4 oz.) Sandwich,240471448,Sandwiches,MENU,3.36,3.36,False
Hot Pastrami (8 oz.) Sandwich,240471777,Sandwiches,MENU,6.1,6.1,False
Hot Toddy,484673069,Cocktail,BAR,2.63,2.63,False
Hot Tongue,301799112,Sandwiches,MENU,4.24,4.24,False
Hot Tongue (4 oz) Sandwich,245345490,Sandwiches,MENU,4.89,4.89,True
Hot Walnut Toddy,516293189,Cocktail,BAR,1.53,1.53,False
hudson valley sillouette peach,1053656249,Beer,BAR,3.38,3.38,False
Huey's Punch,653112482,Cocktail,BAR,4.18,4.18,True
Hugo Spritz,413490947,Cocktail,BAR,1.8,1.8,False
Hummus (Half Pint),1021117949,Deli Case,MENU,2.53,2.53,False
Hummus and Crudités (serves 10 ppl),473176045,Dinner Catering,MENU,13.32,13.32,False
Hurricane,412021677,Cocktail,BAR,2.29,2.29,False
Ilegal and Tecate,1164193708,Cocktail,BAR,2.47,2.47,False
Ilegal Bonecrusher,1164193102,Cocktail,BAR,2.24,2.24,False
Ilegal Mezcal,1163929318,Spirits,BAR,1.46,1.46,False
Impossible Onion Burger,483853397,Sandwiches,MENU,5.1,5.1,True
Impossible Patty Melt,429483638,Sandwiches,MENU,4.44,4.44,True
Irish Whiskey Flight,580256039,Spirits,BAR,5.77,5.77,False
Jagermeister,562662452,Spirits,BAR,0.98,0.98,False
Jaime Bravo,332200619,Cocktail,BAR,2.79,2.79,False
Jameson,772395262,Spirits,BAR,1.69,1.69,False
Japas Sawa Peach,952119377,Beer,BAR,3.5,3.5,True
Japo,865593213,Spirits,BAR,6.94,6.94,False
Jester King Petite Prince ,840765328,Beer,BAR,0,,True
Jewish Mother Pen,413848982,Retail,MENU,2.15,2.15,False
Johnny Ventura,814397412,Cocktail,BAR,2.44,2.44,True
Joto Graffiti Cup Sake,752176134,Beer,BAR,3.33,3.33,False
Just Ken-ough,564353947,Cocktail,BAR,1.31,1.31,True
Kale Caesar Salad,1124637946,Appetizers,MENU,0.95,0.95,False
Kamikaze Shot,563650244,Cocktail,BAR,0.44,0.44,False
Kapang Spritz Single,973133718,Cocktail,BAR,2.2,2.2,True
Kasha Varnishkes,551774198,Dinner Catering,MENU,4.73,4.73,False
Katsu Sauce Cocktail Shot,455881961,Cocktail,BAR,0,,True
Keri Strug's Kiwi Shrub,677956279,Cocktail,BAR,0.97,0.97,True
Kid's Grilled Cheese,413846540,Sandwiches,MENU,1.2,1.2,False
Killer Flower,564348657,Cocktail,BAR,1.54,1.54,True
King Vulture ,1181350218,Cocktail List,BAR,1.05,1.05,False
King Vulture old,725200383,Cocktail,BAR,1.22,1.22,False
Kippered Salmon (retail pack),301906461,Deli Case,MENU,8.09,8.09,False
Kronan Swedish Punsch,816678041,Spirits,BAR,0,,False
L'Austral Mag,625235904,Wine,BAR,30,30,True
La Gritona Old Fashioned,1018423353,Cocktail,BAR,3.23,3.23,False
La Gritona Reposado Shot,684946168,Spirits,BAR,2.32,2.32,False
La Higuera Wheeleri Sotol,612631477,Spirits,BAR,1.4,1.4,False
La Louisiane,348294443,Cocktail,BAR,2.46,2.46,False
La Luna Black Label Negroni,485208626,Cocktail,BAR,2.29,2.29,False
La Luna Margarita,369527067,Cocktail,BAR,2,2,False
La Luna Paloma,369528482,Cocktail,BAR,1.69,1.69,False
La Luna Shot,562593746,Spirits,BAR,1.07,1.07,False
Laird’s Straight Applejack 86 Shot,555777527,Spirits,BAR,1.16,1.16,False
Lake Havasu #2,516292397,Cocktail,BAR,1.9,1.9,False
Lake Havasu Cocktail,253785935,Cocktail List,BAR,1.59,1.59,False
Lamplighter Birds of a Feather,421844026,Beer,BAR,3,3,True
Larceny Wheated Shot,562539356,Spirits,BAR,1.51,1.51,False
Latke Making Class (10-15 people),762036528,Classes,MENU,61.58,61.58,False
Latke Platter,1014084547,Dinner Catering,MENU,6.17,6.17,False
Latkes (hot from the kitchen),239726062,Sides,MENU,0.74,0.74,False
Latkes w/ Sour Cream and Applesauce,551775569,Dinner Catering,MENU,10.8,10.8,False
Laura Palmer Pitcher ,628080420,Cocktail,BAR,6.36,6.36,False
Lawhill,280319641,Cocktail,BAR,3.3,3.3,False
Lawson's Sip of Sunshine,468682248,Beer,BAR,3.15,3.15,True
Lawson's Stout,1032061382,Beer,BAR,2.77,2.77,False
Lazy Old Sun NOT AR,253788476,Cocktail,BAR,3.65,3.65,True
Lazzaroni Amaretto,494491377,Spirits,BAR,1.38,1.38,False
Leek/Zucchini Fritters - RH,476822877,Holiday Items,MENU,13.67,13.67,True
Lemon Lime - Fountainhead ,973350919,N/A Bev,BAR,0.26,0.26,False
Lemon Poppy Seed Cake - Whole,401563797,Pastries,MENU,4.2,4.2,False
Lemon Poppyseed Cake,387306932,Pastries,MENU,0.44,0.44,True
Lemon Poppyseed Cake Slice,286327031,Pastries,MENU,0.44,0.44,False
Lemondrop Shot,562642360,Cocktail,BAR,0.37,0.37,False
Leon Gold Rose,684911854,Wine,BAR,2.22,2.22,True
Light Espresso Martini,253789872,Cocktail,BAR,2.13,2.13,False
Lion's Tail,736789101,Cocktail,BAR,2.08,2.08,False
Little Auk,715559689,Cocktail,BAR,2.98,2.98,True
Little Gem Wedge Salad,298744050,Appetizers,MENU,3.68,3.68,True
Little Park,924126272,Cocktail,BAR,1.31,1.31,True
London Homesick Blues,346552729,Cocktail,BAR,2.66,2.66,False
Long Gone NOT AR,253791975,Cocktail,BAR,2.03,2.03,True
Long Island,562621322,Cocktail,BAR,2,2,False
Louie Louie NOT AR,253793898,N/A Bev,BAR,0.49,0.49,True
Lox Cream Cheese (half pint),239550745,Deli Case,MENU,3.4,3.4,False
Lunar Lychee,984285289,Beer,BAR,1.98,1.98,True
Lunar Plum,1175868526,Beer,BAR,1.93,1.93,False
Lunch Classics Sandwich Platter,338685465,Platters,MENU,41.1,41.1,False
Lustau Los Arcos 3 oz,507354333,Spirits,BAR,1.56,1.56,False
Lustau Papirusa,684943096,Spirits,BAR,1.3,1.3,False
Lustau Sherry Negroni,485209017,Cocktail,BAR,2.1,2.1,False
M&M Shot,767773046,Cocktail,BAR,1.59,1.59,False
Mac & Cheese,488869537,Entree Plates,MENU,3.75,3.75,True
Mac & Cheese'',576539675,Entree Plates,MENU,4.04,4.04,True
Macunaíma,869964968,Cocktail,BAR,2.64,2.64,True
Mahon Gibson,588421825,Cocktail,BAR,2.55,2.55,True
Mai Hana,725200869,Cocktail,BAR,0.9,0.9,False
Make Me Blush,671401371,Cocktail,BAR,2.15,2.15,False
Malort Shot,562651987,Spirits,BAR,1.17,1.17,False
Malpais,253795158,Cocktail,BAR,1.57,1.57,True
Mama Tried NOT AR,253795516,Cocktail,BAR,2.19,2.19,True
Mamaleh's Big Salad (10-12 people),401579303,Platters,MENU,15.35,15.35,False
Mamaleh's Bloody Mary,535295942,Cocktail,BAR,1.26,1.26,False
Mamaleh's Draft Cape Codder,617471649,Cocktail,BAR,1.15,1.15,True
Mamaleh's Draft Negroni,617470763,Cocktail,BAR,2.52,2.52,True
Mamalehs Chocolate Cake,298769813,Pastries,MENU,2.03,2.03,False
Mamalehs Negroni,476687346,Drinks,MENU,3.47,3.47,False
Mambo Sun NOT AR,253798524,Cocktail,BAR,1.79,1.79,True
MandelBread,401564088,Pastries,MENU,0.41,0.41,False
Manhattan,387969862,Cocktail,BAR,2.25,2.25,False
Manischewitz Spritz,478090009,Drinks,MENU,1.08,1.08,False
Maple Cream Shot,612675078,Spirits,BAR,1.32,1.32,False
Martini,486192539,Cocktail,BAR,2.12,2.12,False
Mary Taylor Nimes Glass ,612663366,Wine,BAR,2.37,2.37,True
Matzah Toffee,380686593,Holiday Items,MENU,3.67,3.67,False
McKenna Bourbon shot,562563919,Spirits,BAR,2.64,2.64,False
McTwist,677955632,Cocktail,BAR,2.44,2.44,True
Meat Knish Frozen 4 Pack,375807978,Freezer,MENU,3.38,3.38,False
Meat Quiche - Catering,601092270,Large Brunch Packages,MENU,7.23,7.23,False
Meletti Amaro,816679534,Spirits,BAR,1.05,1.05,False
Mellow Corn Shot,816572617,Spirits,BAR,1.17,1.17,False
Mexican Moon,348292405,Cocktail,BAR,4.69,4.69,True
Mezcal Aviation,879616333,Cocktail,BAR,2.3,2.3,False
Mezcal Vago Ensamble en Barro,652764881,Spirits,BAR,4.75,4.75,False
Mezcaletti,562653273,Cocktail,BAR,1.29,1.29,False
Michelada,412028714,Cocktail,BAR,0.92,0.92,False
Midnight at Sundet,1139979870,Cocktail,BAR,1.58,1.58,False
Mig River Baiju,816668734,Spirits,BAR,1.61,1.61,False
Milk & Sugar (Coffee Box),362815721,Drinks,MENU,2.07,2.07,False
Milk Bottle (Coffee Box),362819051,Drinks,MENU,1.53,1.53,False
Miller High Life,381672755,Beer,BAR,0.71,0.71,False
Mimosa for 2,401525244,Drinks,MENU,12.28,12.28,True
Mimosa Pitcher,624370021,Cocktail,BAR,11.15,11.15,False
Mimosa Vincent's,535296813,Cocktail,BAR,1.74,1.74,False
Ming River Baiju Daiquiri,493496459,Cocktail,BAR,2.49,2.49,False
Mini Bagel with Carrot Lox & Schmear,848870190,Dinner Catering,MENU,0.13,0.13,False
Mini Latke with Sour Cream & Lox,848866497,Dinner Catering,MENU,0.69,0.69,False
Mini Latkes w/ S.C. & Applesauce,1262832746,Platters,MENU,6.82,6.82,False
Mini Pitcher Narragansett,421896123,Draught Beer,BAR,1.6,1.6,False
Mini Pitcher Notch Pils,433517440,Draught Beer,BAR,2.9,2.9,False
Mini Pitcher Remnant Hangtime,933382393,Draught Beer,BAR,4.73,4.73,False
Mini Pitcher SP Dark,933377659,Draught Beer,BAR,4.89,4.89,False
Mini Pitcher ZG Conehead ,933382701,Draught Beer,BAR,2.66,2.66,False
Mixed Green Salad (10-12 people),413267158,Platters,MENU,7.6,7.6,False
Mocha Milkshake,590520128,Drinks,MENU,4.38,4.38,False
Modern Puritan,725201273,Cocktail,BAR,2.22,2.22,False
Mojito,563652541,Cocktail,BAR,2.14,2.14,False
Moniker Sun Sick Day Gose,612677338,Draught Beer,BAR,2.18,2.18,True
Monsoon NOT AR Needs Ginger Habanero Syrup,973149888,Cocktail,BAR,1.03,1.03,False
Montebernardi Gl,562635502,Wine,BAR,1.85,1.85,True
Montebernardi Ti Amo,562634775,Wine,BAR,12.5,12.5,True
Montenegro Shot,562628596,Spirits,BAR,1.46,1.46,False
Montucky Cold Snacks,628717013,Beer,BAR,1.08,1.08,True
Moscow Mule NOT AR,433513965,Cocktail,BAR,1.34,1.34,False
Moto Guzzi,761490822,Cocktail,BAR,11.23,11.23,False
Mr. Daq,808487985,Cocktail,BAR,2.34,2.34,False
Mt Gay Black Barrel,1074784370,Spirits,BAR,2.29,2.29,False
Mug- Mamaleh's Logo,413857198,Retail,MENU,5.66,5.66,False
Mulled Wine Glass,1093503937,Cocktail,BAR,1.82,1.82,False
Mushroom Barley Soup (retail quart),527932246,Freezer,MENU,3.5,3.5,False
Mushroom Gratin,576532188,Appetizers,MENU,13.17,13.17,True
Mushroom Grilled Cheese,976728904,Sandwiches,MENU,4.71,4.71,True
Mushroom Rachel,301808180,Sandwiches,MENU,2.94,2.94,False
Mushroom Reuben,301806339,Sandwiches,MENU,3.14,3.14,False
Mustang Island,402696046,Cocktail List,BAR,1.74,1.74,False
Mustang Island - Single,404240679,Cocktail,BAR,1.74,1.74,False
Mustang Island Royale,516293499,Cocktail,BAR,2.58,2.58,False
Mustard Broccolini,551763074,Dinner Catering,MENU,2.8,2.8,False
Napkins - So you were expecting linen?,413851249,Retail,MENU,8.5,8.5,False
Nardini Amaro,816680498,Spirits,BAR,0,,False
Nashville Hot Chicken,804546000,Entree Plates,MENU,7.48,7.48,False
Native Water,619957899,N/A Bev,BAR,0.24,0.24,False
Negroni,306012067,Cocktail,BAR,2.31,2.31,False
Negroni de Maiz,715561094,Cocktail,BAR,3.27,3.27,False
Negroni Week 2023,460026632,Cocktail,BAR,2.44,2.44,True
Neisson Organic Daiquiri,493497993,Cocktail,BAR,4.19,4.19,False
New Belgium Grape Fizz Ale,930008457,Beer,BAR,1.37,1.37,True
New York Style Cheesecake,401561013,Pastries,MENU,9.91,9.91,False
News From Nowehere,382117431,Cocktail,BAR,5.38,5.38,False
Nikka Yoichi 10yr Single Malt Whiskey shot,1074800532,Spirits,BAR,7.54,7.54,False
Niman Ranch Flank Steak,783599414,Entree Plates,MENU,4.68,4.68,True
Nixta,727475253,Spirits,BAR,8.15,8.15,False
Nonino Amaro,816680966,Spirits,BAR,0,,False
Noodle Kugel (retail),301909008,Freezer,MENU,3.81,3.81,False
Not AR Bodega Brunch - Sticky Bun French Toast,593651772,Brunch Menu,MENU,2.17,2.17,False
Notch Festbier Pint,450374736,Draught Beer,BAR,1.7,1.7,True
Notch Kolsch 16oz can,935944204,Beer,BAR,2.65,2.65,True
Notch Kolsch Can,980535140,Beer,BAR,2.65,2.65,False
Notch Left of the Dial,421843611,Beer,BAR,1.27,1.27,True
Nuclear Daiquiri,720633186,Cocktail,BAR,2.84,2.84,False
Oat Milk & Sugar (Coffee Box),362817797,Drinks,MENU,2.64,2.64,False
Oat Milk Bottle (Coffee Box),362819473,Drinks,MENU,2.1,2.1,False
Oaxacan Old Fashioned,671692260,Cocktail,BAR,2.75,2.75,False
Ocho Anejo,816654872,Spirits,BAR,3.69,3.69,False
Ocho Anejo Margarita,485213727,Cocktail,BAR,5.5,5.5,False
Ocho Plata Margarita,485211406,Cocktail,BAR,2.94,2.94,False
Ocho Plata Shot,562625390,Spirits,BAR,1.77,1.77,False
Ocho Reposado ,816652568,Spirits,BAR,2.43,2.43,False
Oka Brand Dry Bermutto,727497762,Spirits,BAR,1.3,1.3,False
Okocim,752167304,Beer,BAR,1.88,1.88,False
Old Cuban Bitcher,628077342,Cocktail,BAR,14.39,14.39,False
Old Fashioned,484616986,Cocktail,BAR,1.63,1.63,False
Old Fashioned ,1185714005,Cocktail,BAR,1.71,1.71,False
Old Fitz Spring 2025 9 Year,973287831,Spirits,BAR,5.9,5.9,False
Old Fitzgerald 2023 Release,572506415,Spirits,BAR,6.35,6.35,False
Old Fitzgerald 7yr Bottled in Bond Bourbon,1161671707,Spirits,BAR,3,3,False
Old Money,794393749,Cocktail,BAR,2.29,2.29,True
Old Overholt Shot,562591695,Spirits,BAR,0,,False
Old Rip Van Winkle 10 Yr,788860355,Spirits,BAR,6.29,6.29,False
Old Tom Collins,844814333,Cocktail,BAR,2.68,2.68,False
On A Lark - Single,348308161,Cocktail,BAR,1.62,1.62,False
Onesie- Mamalehs,413862184,Retail,MENU,11.25,11.25,False
Onion Rings,981715930,Appetizers,MENU,0.78,0.78,False
"Option 1: Coffee, Tea, Pastries, 30ppl",272539433,Large Brunch Packages,MENU,81.22,81.22,False
"Option 2: The Essentials, 30ppl ",286337574,Large Brunch Packages,MENU,102.15,102.15,False
Option 3: The Full Spread (30ppl),287415125,Large Brunch Packages,MENU,181.53,181.53,False
Option 3a - The Full Spread (30ppl) for Teens,1293611243,Large Brunch Packages,MENU,181.53,181.53,False
Orange Juice,973681426,N/A Bev,BAR,1.02,1.02,False
Orange Juice - 8oz.,379458695,Drinks,MENU,1.8,1.8,False
Original Naked & Famous,761491539,Cocktail,BAR,3.83,3.83,False
Orval,421846763,Beer,BAR,3.83,3.83,False
Overnow,398340811,Cocktail,BAR,2.69,2.69,False
Oxacan Dead,746155436,Cocktail,BAR,2.97,2.97,False
Oxbow Farmhouse Pale Ale 12oz Can,1223287297,Beer,BAR,1.75,1.75,False
Oxbow Surf Melon,945088398,Beer,BAR,10,10,True
Oxbow Town Line Porter,1019039234,Beer,BAR,2.8,2.8,True
Oyster By the Each,873147925,Appetizers,MENU,0.8,0.8,False
Oysters,252656032,Appetizers,MENU,4.91,4.91,True
Painkiller,253798828,Cocktail,BAR,4,4,False
Paloma,973123354,Cocktail,BAR,3.51,3.51,False
Panna Cotta - Buttermilk,488121268,Pastries,MENU,2.02,2.02,True
Pappy Van Winkle 15 Year,1162821109,Spirits,BAR,11.5,11.5,False
Paranubes Daiquiri,493505063,Cocktail,BAR,2.24,2.24,False
Partly Supreme,1139981859,Cocktail,BAR,2.46,2.46,False
Passionfruit Cheesecake - Slice,592993931,Holiday Items,MENU,1.91,1.91,True
Pastrami Burger,245904775,Sandwiches,MENU,3.32,3.32,True
Pastrami Lox - Retail 1/4#,408874951,Deli Case,MENU,2.38,2.38,True
"Pastrami, Egg, and Cheese Sandwich",245922083,Sandwiches,MENU,1.95,1.95,False
Pastry Platter (large),1262816611,Platters,MENU,14.56,14.56,False
Pastry Platter (small),401522341,Platters,MENU,7.34,7.34,False
Pasubio,727497108,Spirits,BAR,0.96,0.96,False
Pathfinder Buck ,1184558425,Cocktail,BAR,2.09,2.09,False
Pathfinder Shot ,1237199647,Spirits,BAR,1.77,1.77,False
Patron 100 Shot,1193221842,Spirits,BAR,3.41,3.41,False
Pearl Salami - 1/2# retail,375804563,Deli Case,MENU,3.34,3.34,False
peloton,725178599,Spirits,BAR,1.07,1.07,True
Penicillin,856826658,Cocktail,BAR,2.77,2.77,False
Pere Labat,945066161,Spirits,BAR,1.24,1.24,False
Pickled Carrots - Retail,375801415,Deli Case,MENU,0.57,0.57,False
Pickled Cucumber Lemonade,842978234,Drinks,MENU,1.25,1.25,False
Pickled Egg,252656457,Appetizers,MENU,0.43,0.43,False
Pickled Green Tomatoes (retail Pint),301896777,Deli Case,MENU,3.29,3.29,False
Pickles the 'Tini,298380004,Cocktail,BAR,39.89,39.89,False
Pierre Ferrand 1840,816698413,Spirits,BAR,2.2,2.2,False
Pierre Ferrand Dry Curacao Shot,507351282,Spirits,BAR,1.42,1.42,False
Pimento Cheese Dip,298739889,Appetizers,MENU,0.91,0.91,False
Pine Cocktail NOT AR,1057069718,Cocktail,BAR,1.3,1.3,False
Pineapple Death God,280312375,Cocktail,BAR,1.41,1.41,False
Pineapple Pimms Cup,434939825,Cocktail,BAR,1.8,1.8,False
Pint Foam Heavy Water,549526921,Draught Beer,BAR,2.51,2.51,True
Pint Lamplighter Birds draught ,1289894279,Draught Beer Pint,BAR,1.94,1.94,False
Pint Narragansett,381673667,Draught Beer Pint,BAR,0.75,0.75,False
Pint Notch Pils,417304377,Draught Beer Pint,BAR,1.45,1.45,False
Pint Pickled Eggs,467049715,Retail,MENU,1.95,1.95,False
Pint Prairie Rainbow Sherbet,421227881,Draught Beer,BAR,2.88,2.88,True
Pint Remnant Hangtime ,417057297,Draught Beer Pint,BAR,2.22,2.22,False
Pint Sacred Profane Dark Lager,417307221,Draught Beer Pint,BAR,2.29,2.29,False
Pint Zero Gravity Little Wolf PA,417307285,Draught Beer,BAR,1.29,1.29,True
Pint ZG Conehead,933369148,Draught Beer Pint,BAR,1.25,1.25,False
Pint ZG Oktoberfest,725170047,Draught Beer,BAR,1.25,1.25,True
Pitcher Narragansett,421895935,Draught Beer,BAR,2.99,2.99,False
Pitcher Notch Pils,522472880,Draught Beer,BAR,5.44,5.44,False
Pitcher Remnant Hangtime,549534744,Draught Beer,BAR,8.86,8.86,False
Pitcher Sacred Profane Dark,933373640,Draught Beer,BAR,9.17,9.17,False
Pitcher Zero Gravity Conehead,562622019,Draught Beer,BAR,4.99,4.99,False
Pizza Bagels - 4-Frozen Cheese,375224072,Freezer,MENU,1.49,1.49,True
Pizza Bagels - 4-Frozen Salami & Jalapeno,375228430,Freezer,MENU,3.15,3.15,True
Plain Bagel,246264737,Breads,MENU,0.1,0.1,False
Plain Coconut Macaroons,593056091,Holiday Items,MENU,0.23,0.23,False
Plain Cream Cheese (half pint),239549060,Deli Case,MENU,1.92,1.92,False
Plain Tofutti (half pint),239552570,Deli Case,MENU,1.53,1.53,False
Plan Bee Dandeliaison,924891850,Beer,BAR,11.25,11.25,True
Polar Seltzer Water,379459268,Drinks,MENU,0.64,0.64,False
Potato Knish Frozen 4 pack,375813038,Freezer,MENU,1.13,1.13,False
Poultry Shake Cocktail,455878657,Cocktail,BAR,2.27,2.27,True
Prairie Christmas Bomb,522484127,Draught Beer,BAR,3.27,3.27,True
Prairie Slush,562619406,Beer,BAR,2.5,2.5,True
Prairie Watermelon Girlfriend,669143905,Beer,BAR,2.5,2.5,True
Pretty Polly,398109955,Cocktail,BAR,1.35,1.35,True
Privateer Big Dipper Barrel #2,460604478,Spirits,BAR,2.01,2.01,False
Privateer Latin Quarter,1175095473,Cocktail List,BAR,3.79,3.79,False
Privateer Letter of Marque #3 ,1109522028,Spirits,BAR,2.01,2.01,False
Privateer Letter of Marque Daiquiri,493497529,Cocktail,BAR,3.02,3.02,True
Privateer Silver Daiquiri,493497347,Cocktail,BAR,1.64,1.64,False
Privateer White Daiquiri,452333476,Cocktail,BAR,1.64,1.64,False
Probitas Daiquiri,412029599,Cocktail,BAR,2.1,2.1,False
Probitas Shot,562604321,Spirits,BAR,1.32,1.32,False
Proclamation Broze,840763333,Beer,BAR,0,,True
Prowl,871600094,Cocktail,BAR,1.16,1.16,False
Pumpernickel Bagel,246309202,Breads,MENU,0.16,0.16,False
"Pumpernickel Bagels, Frozen 6-pacl",246309288,Freezer,MENU,1,1,False
Pumpernickel Cookies,401564709,Pastries,MENU,0.56,0.56,False
Pumpkin Old Fashioned,996538208,Cocktail,BAR,0.12,0.12,False
Pumpkin Pie - 6in,1010028926,Holiday Items,MENU,1.53,1.53,False
Pumpkin Pie - 9in,1010024655,Holiday Items,MENU,4.02,4.02,False
Punch Bowl Pitcher With Cognac,484597640,Cocktail,BAR,9.91,9.91,False
Punch Bowl Pitcher With Genever,484597561,Cocktail,BAR,8.34,8.34,False
Punt e mes,816682337,Spirits,BAR,6.65,6.65,False
Puntas,725176423,Spirits,BAR,3.55,3.55,False
Purple Margarita,412308740,Cocktail,BAR,2.98,2.98,False
Puzzle- 100 Most Jewish Foods,413852707,Retail,MENU,12.48,12.48,False
Quart Matzah Ball Soup,245901621,Freezer,MENU,1.95,1.95,False
Rabarbaro Spritz,973136839,Cocktail,BAR,2.97,2.97,True
Rabo de Galo,628074380,Cocktail,BAR,2.55,2.55,True
Radio Spot NOT AR,253800043,Cocktail,BAR,1.92,1.92,True
Raspberry Lime Rickey (HQ/WS),417106209,Drinks,MENU,1.57,1.57,False
Raspberry Lime Ricky (HSP),476126381,Drinks,MENU,0.7,0.7,False
Raspberry Sufganiyot,316351508,Holiday Items,MENU,0.84,0.84,False
Ray Jane Gl,697250777,Wine,BAR,2.37,2.37,True
Ray Jane IGP Du Var Rosé 2024,1169792256,Wine,BAR,2.17,2.17,False
Red Curry Chicken Pot Pie,873140065,Entree Plates,MENU,2.22,2.22,False
Red Drink,909515255,Cocktail,BAR,3.24,3.24,True
Redbreast,725179099,Spirits,BAR,3.39,3.39,False
Redondo,316416599,Cocktail,BAR,2.52,2.52,False
Reissdorf Kolsch,421844736,Beer,BAR,2.33,2.33,False
Remnant Multiball can,841240224,Beer,BAR,0,,True
Renegade Swimming Pool Rum,816634785,Spirits,BAR,3.7,3.7,False
Repo Cocktail - Negroni,253800296,Cocktail,BAR,1.35,1.35,True
Retail - Everything Spice,413836310,Retail,MENU,1.19,1.19,False
Retail - Gribenes (4oz),465932917,Retail,MENU,0.66,0.66,False
Retail - Lox Cream Cheese,842805741,Deli Case,MENU,3.4,3.4,True
Retail - Pickled Herring,425498272,Deli Case,MENU,3.23,3.23,True
Retail - Plain Cream Cheese,842804502,Deli Case,MENU,1.92,1.92,True
Retail - Plain Tofutti,842806160,Deli Case,MENU,1.53,1.53,False
Retail - Scallion Cream Cheese,842804929,Deli Case,MENU,1.93,1.93,True
Retail - Scallion Tofutti,842807409,Deli Case,MENU,1.55,1.55,False
Retail - Seedy Everything Crackers,425513959,Retail,MENU,1.46,1.46,False
Retail - Veggie Cream Cheese,842805362,Deli Case,MENU,1.79,1.79,True
Reuben Egg Roll (retail freezer),528412335,Freezer,MENU,4.07,4.07,False
Revery Sour,445373796,Cocktail,BAR,1.92,1.92,True
RH Stuffed Peppers w/ Harissa Tomato Sauce,707371366,Holiday Items,MENU,4.69,4.69,False
Rickenbacker,280322036,Cocktail,BAR,1.92,1.92,False
Rittenhouse 250,1269289519,Spirits,BAR,4.58,4.58,False
Rittenhouse Shot,449579053,Spirits,BAR,1.12,1.12,False
River Antoine Daiquiri,493500675,Cocktail,BAR,3.58,3.58,False
Roasted Baby Carrots,488179100,Appetizers,MENU,4.22,4.22,True
Roasted Delicata Squash,795087551,Appetizers,MENU,1.89,1.89,True
Rochefort 8,421845248,Beer,BAR,3.83,3.83,False
Rock HIll Farms,1037138594,Spirits,BAR,2.79,2.79,False
Rodrigues,398105516,Cocktail,BAR,1.61,1.61,True
Roku Gin Shot,652784781,Spirits,BAR,1.35,1.35,False
Root Beer - Fountainhead ,973352117,N/A Bev,BAR,0.1,0.1,False
Root Vegetable Tzimmes,377252909,Holiday Items,MENU,2.83,2.83,False
Roterfaden Terraces,562623085,Wine,BAR,2.36,2.36,True
"Rugelach, Chocolate - 1 each",338646536,Pastries,MENU,0.09,0.09,False
"Rugelach, Raspberry - 1 each",338660566,Pastries,MENU,0.14,0.14,False
Rum Cannonball,1057081174,Cocktail,BAR,2.59,2.59,False
Rum Espresso Martini,1159284789,Cocktail,BAR,3.16,3.16,False
Running With Flowers,535294426,Cocktail,BAR,2.33,2.33,False
Russian Dressing (retail-12 oz squeeze bottle),297615674,Deli Case,MENU,2.08,2.08,False
Sable Sandwich,247940838,Sandwiches,MENU,4.11,4.11,False
Sable Sandwich 2.0,409363094,Sandwiches,MENU,4.11,4.11,False
Sacred Profane Amber Lager,833069101,Beer,BAR,3.04,3.04,True
Sagamore 10 rye,1009002576,Spirits,BAR,3.57,3.57,False
Sakiskes Raspberry Gose Sour Ale 11.2oz Bottle,1040109445,Beer,BAR,6.33,6.33,True
"Salami, Egg, and Cheese Sandwich",245925260,Sandwiches,MENU,1.8,1.8,False
Salers Gentiane Aperitif,494490923,Spirits,BAR,1.02,1.02,False
Sarah Scull,280320968,N/A Bev,BAR,1.19,1.19,False
Satsuma Shuzo Shiranami Shochu,816669304,Spirits,BAR,0,,False
Saturn - Single,383862544,Cocktail,BAR,2.49,2.49,False
Sazerac 6 Yr Shot,562592435,Spirits,BAR,1.18,1.18,False
Scallion Cream Cheese (half pint),239548659,Deli Case,MENU,1.93,1.93,False
Scallion Tofutti (half pint),239551363,Deli Case,MENU,1.55,1.55,False
Schlenkerla Erle,562640001,Beer,BAR,3.45,3.45,True
Schlenkerla Helles Lager,421846340,Beer,BAR,3.01,3.01,True
Schlenkerla Urbock,562640289,Beer,BAR,3.6,3.6,True
Schlep Tote,413861897,Retail,MENU,9.54,9.54,False
Schmaltz - 1/2#,375817918,Freezer,MENU,1.5,1.5,False
Schmaltz Potatoes,551764976,Dinner Catering,MENU,7.35,7.35,False
Schneeule Marianna,708774990,Beer,BAR,8.75,8.75,True
Seder Plate - Passover,587231076,Holiday Items,MENU,6.79,6.79,False
"Seed & Mill, Cardamom",413241865,Retail,MENU,6.35,6.35,False
"Seed & Mill, Chocolate",413242300,Retail,MENU,6.35,6.35,False
"Seed & Mill, Coconut",413243105,Retail,MENU,1.11,1.11,True
"Seed & Mill, Pistachio",413242624,Retail,MENU,6.35,6.35,False
Seeded Rye Manhattan,297795570,Cocktail,BAR,1.01,1.01,False
Select,816681227,Spirits,BAR,1.13,1.13,False
Sesame Bagel,246303515,Breads,MENU,0.16,0.16,False
Sfumato Cappelletti ,816673453,Spirits,BAR,1.02,1.02,False
Shacksbury Arlo Cider,421841907,Beer,BAR,1.93,1.93,True
Shacksbury Vermonter,924890899,Beer,BAR,1.93,1.93,True
Shacksbury Yuzu,1022114896,Beer,BAR,1.93,1.93,False
Sherry Cobbler,311638092,Cocktail,BAR,1.6,1.6,False
Shiner Bock,421843415,Beer,BAR,1.28,1.28,False
Shonen Knife,1208543983,Cocktail,BAR,1.66,1.66,False
Shorty Narragansett,421896407,Draught Beer,BAR,0.5,0.5,False
Shorty Notch Pils,804518231,Draught Beer,BAR,0.91,0.91,False
Shorty Remnant Hangtime,933375872,Draught Beer,BAR,1.48,1.48,False
Shorty SP Dark,933375307,Draught Beer,BAR,1.53,1.53,False
Shorty ZG Conehead,933376986,Draught Beer,BAR,0.83,0.83,False
Side Ketchup,1234737342,Big Dipper Sauces,MENU,0.07,0.07,False
Side Mayo ,854447371,Big Dipper Sauces,MENU,0.16,0.16,False
Side of Coleslaw,301812373,Sides,MENU,1,1,False
Side of Cream Cheese,301813400,Sides,MENU,0.29,0.29,False
Side of Mustard,301816892,Sides,MENU,0.28,0.28,False
Side of Pickles,301811410,Sides,MENU,0.93,0.93,False
Side of Potato Salad,301817399,Sides,MENU,0.72,0.72,False
Side of Russian Dressing,301818243,Sides,MENU,0.1,0.1,False
Side Sauce - Buttermilk Ranch,298739269,Big Dipper Sauces,MENU,0.17,0.17,False
Side Sauce - Vegan Burger Sauce,298739402,Big Dipper Sauces,MENU,0.32,0.32,True
Side Sauce- Garlic Aioli,298739336,Big Dipper Sauces,MENU,0.34,0.34,True
Side Sauce- Nashville Hot Aioli,298739247,Big Dipper Sauces,MENU,0.34,0.34,False
Siembra Valles Blanco,454435686,Spirits,BAR,2.57,2.57,False
Siembra Valles Margarita,485213076,Cocktail,BAR,4,4,True
Siesta,883185039,Cocktail,BAR,3.02,3.02,False
Siete Leguas,816649636,Spirits,BAR,88.07,88.07,False
Silver Dollar,323431456,Cocktail,BAR,2.88,2.88,True
Silver Monk,652771540,Cocktail,BAR,4.87,4.87,False
Singani 63 Aquaduct,607337766,Cocktail,BAR,2.47,2.47,False
Singhani 63,816683939,Spirits,BAR,1.62,1.62,False
Slice Pain De Mie,977794069,Sides,MENU,0.16,0.16,False
Slow Roasted Salmon for 12 ppl,551780589,Dinner Catering,MENU,40.09,40.09,False
Smith & Cross,803394399,Spirits,BAR,1.44,1.44,False
Smith and Cross Daiquiri,493501867,Cocktail,BAR,2.26,2.26,False
Smoke Show,882322928,Cocktail,BAR,2.17,2.17,False
Smoked FIsh Platter (for 2),316851975,Large Brunch Packages,MENU,11.7,11.7,False
Smoked Fish Platter (for 6),316850942,Large Brunch Packages,MENU,22.26,22.26,False
Snake Driver,253801493,Cocktail,BAR,2.89,2.89,True
Socks- Nice Jewish Boy,413858436,Retail,MENU,6.75,6.75,False
Socks- Nice Jewish Girl,413858585,Retail,MENU,3.38,3.38,False
Sophie Siadou Glass,562623886,Wine,BAR,2.37,2.37,True
Sparkling Watermelon Daiquiri,434939474,Cocktail,BAR,1.63,1.63,False
Spindrift - Grapefruit,379449035,Drinks,MENU,0.97,0.97,False
Spindrift - Pineapple,379450542,Drinks,MENU,0.97,0.97,False
Spindrift Blood Orange Tangerine,684889075,Beer,BAR,1.3,1.3,True
Splash 1 NOT AR,253802541,Cocktail,BAR,1.76,1.76,True
Sprindrift - Orange Mango,379450135,Drinks,MENU,0.97,0.97,False
St George Gin Shot,601973639,Spirits,BAR,1.68,1.68,False
St George Terroir Gin,816665340,Spirits,BAR,1.68,1.68,False
St George Terroir Gin Gibson,601956351,Cocktail,BAR,2.86,2.86,False
St Lucia Bounty Rum Shot,562605465,Spirits,BAR,0.8,0.8,False
State Park Cocktail,253802831,Cocktail List,BAR,2.42,2.42,False
State Park Kid's Burger,488873847,Sandwiches,MENU,2.16,2.16,False
State Park Kid's Fried Chicken Sandwich,488874133,Sandwiches,MENU,2.34,2.34,False
State Park Kid's Grilled Cheese,488873282,Sandwiches,MENU,0.97,0.97,False
State Park Kid's Impossible Burger,488881816,Sandwiches,MENU,2.59,2.59,True
State Park Notch Lager,522467401,Beer,BAR,2,2,True
Steamed Mussels,298754850,Appetizers,MENU,5.02,5.02,True
"Sticker- 3"" Mamalehs Face",413856077,Retail,MENU,0.46,0.46,False
Stinger,758885640,Cocktail,BAR,3.93,3.93,False
Strawberry Tequila Cooler,434939110,Cocktail,BAR,2.03,2.03,True
Stuffed Honey Nut Squash,493513265,Holiday Items,MENU,4.89,4.89,False
Stuffed Squash,490584480,Holiday Items,MENU,3.55,3.55,True
Stuffed Winter Squash - Thanksgiving,494956121,Holiday Items,MENU,8.84,8.84,False
Sturgeon Sandwich,247944435,Sandwiches,MENU,5.32,5.32,True
Sturgeon Sandwich 2.0,409363482,Sandwiches,MENU,5.11,5.11,False
Sugarloaf,345697611,Cocktail,BAR,1.91,1.91,True
Sumac Onions (pint),301899929,Deli Case,MENU,0.84,0.84,False
Sun shade,357378458,Cocktail,BAR,1.87,1.87,True
Sundown,323429369,Cocktail,BAR,1.55,1.55,True
Sunroot Daiquiri,370142215,Cocktail,BAR,1.97,1.97,False
Suntory Toki,562602802,Spirits,BAR,1.66,1.66,False
Super Skill Shot,628720199,Cocktail,BAR,1.01,1.01,True
Supergay Fire Island Gin,1237202400,Spirits,BAR,1.48,1.48,False
Supergay Southside Fizz ,1255131923,Cocktail,BAR,2.03,2.03,False
Supergay Vodka Shot,603675698,Spirits,BAR,1.38,1.38,False
Surfer On Acid Shot,253803658,Cocktail,BAR,0.11,0.11,False
Surfer on Steroids,677948402,Cocktail,BAR,2.58,2.58,False
Swedish Spritz,973143451,Cocktail,BAR,6.09,6.09,True
Sweet Potato Pie,490514059,Holiday Items,MENU,5.86,5.86,False
Sweet Potato Pie - Whole - Thanksgiving,493698269,Holiday Items,MENU,5.86,5.86,False
Swiss Cheese (retail 1/2#),301897650,Deli Case,MENU,1.45,1.45,False
Tabasco Honey Cocktail,455880187,Cocktail,BAR,2.26,2.26,True
Tahini Chocolate Swirl Pie - Whole - Thanksgiving,493699521,Holiday Items,MENU,6.65,6.65,False
Tahini Cookie,401565134,Pastries,MENU,0.2,0.2,False
Tamworth Distilling Garden White Mountain Gin Gimlet,500384519,Cocktail,BAR,2.86,2.86,False
Tamworth Distilling Garden White Mountain Gin Martini,500384950,Cocktail,BAR,3.34,3.34,False
Tamworth Distilling Garden White Mountain Gin Negroni,500383306,Cocktail,BAR,2.86,2.86,False
Tamworth Garden White Mountain Gin,500383093,Spirits,BAR,1.92,1.92,False
Tamworth Gibson,500353356,Cocktail,BAR,3.28,3.28,False
Tandem Bicicletta,1116057526,Cocktail,BAR,6.07,6.07,False
Tanqueray Gimlet,485826594,Cocktail,BAR,2.2,2.2,False
Tanqueray Gin Shot,522468698,Spirits,BAR,1.43,1.43,False
Tanqueray Martini,486192573,Cocktail,BAR,2.6,2.6,False
Tanqueray Negroni,485206918,Cocktail,BAR,2.53,2.53,False
Tecate,684888335,Beer,BAR,1.06,1.06,False
Teeling Small Batch Irish Whiskey,449578926,Spirits,BAR,1.97,1.97,False
Temps Libre,743532020,Cocktail,BAR,3.01,3.01,True
Temps Libre - SP,874240934,Cocktail,BAR,2.61,2.61,False
Ten Bends Fusion Sour,669136350,Draught Beer,BAR,2,2,True
Ten To One 5 Origin Rum ,1161668907,Spirits,BAR,2.78,2.78,False
Tequila Por Mi Amante,435612653,Spirits,BAR,1.02,1.02,False
Tequila Por Mi Amante Gimlet,435613922,Cocktail,BAR,1.7,1.7,False
Tequila Por Mi Amante Margarita,435614433,Cocktail,BAR,1.94,1.94,False
Tequila Sunrise,563649244,Cocktail,BAR,2.86,2.86,False
Terraces White Gl,684912808,Wine,BAR,2.37,2.37,True
Texas Red Rachel,981714970,Sandwiches,MENU,1.93,1.93,True
Thanksgiving - Confit Turkey & Gravy,488112937,Holiday Items,MENU,5.73,5.73,False
The Activator,827824944,Cocktail,BAR,2.11,2.11,True
The Burger,483851851,Sandwiches,MENU,2.62,2.62,False
The Champagne of Burgers,826806350,Sandwiches,MENU,2.57,2.57,False
The Last Lap,1139983275,Cocktail,BAR,2.4,2.4,True
The Prowl,468695755,Cocktail,BAR,3.23,3.23,False
Thompson and Scott,810694463,Wine,BAR,2.92,2.92,True
Thumb Rings of Saturn,715585068,Cocktail,BAR,2.51,2.51,True
Timbal Dry,816683029,Spirits,BAR,0.86,0.86,False
Tito's Martini,493490772,Cocktail,BAR,1.86,1.86,False
Tito's Milwaukee Bloody Mary,467841649,Cocktail,BAR,2.31,2.31,False
Tito's Shot,507282645,Spirits,BAR,0.93,0.93,False
Tomato Tahini Soup - retail quart,375816488,Soups & Salads,MENU,4.75,4.75,False
Tommy's Margarita,801161242,Cocktail,BAR,3.59,3.59,False
Tonic - Fountainhead ,973347253,N/A Bev,BAR,0.26,0.26,False
Top Ten Punch Sangria,253803983,Cocktail,BAR,0.85,0.85,True
Topanga,1057077013,Cocktail,BAR,1.78,1.78,False
Toronto Shot,253804230,Cocktail,BAR,0.87,0.87,False
Tradeschool Shot,840293046,Cocktail,BAR,1.19,1.19,False
Trillium Fort Point IPA,1017980780,Beer,BAR,3.33,3.33,False
Trinidad Sour,883181816,Cocktail,BAR,2.26,2.26,False
Tripping Animals Mango,499726417,Beer,BAR,4.23,4.23,True
Tucher Hefeweisen,421844816,Beer,BAR,1.72,1.72,True
Turkey and Gravy - Thanksgiving,493700548,Holiday Items,MENU,9.46,9.46,False
Turkey by the 1/2#,301905560,Deli Case,MENU,4.28,4.28,False
Turkey Gravy,488115813,Holiday Items,MENU,0.47,0.47,False
Twenty Flowers,1164191869,Cocktail,BAR,2.33,2.33,False
Twisted Tee Time,677954889,Cocktail,BAR,1.54,1.54,True
Uncle Nearest 1884,684941689,Spirits,BAR,2.51,2.51,False
Untold East by NW IPA,1022224754,Beer,BAR,2.75,2.75,False
Urban Artifact Capy Snacks,610939199,Draught Beer,BAR,1.32,1.32,True
Vago Elote,612638830,Spirits,BAR,2.67,2.67,False
Valdespino Palo Cortado 3 oz,507354883,Wine,BAR,3.55,3.55,False
Valdespino Sherry Cobbler,311645726,Cocktail,BAR,3.59,3.59,False
Valentine's Chocolate-Raspberry Heart Cake,1109531916,Pastries,MENU,3.76,3.76,False
Van Winkle Lot B 12 Year,1162819865,Spirits,BAR,8.19,8.19,False
Vaquera,346551165,Cocktail,BAR,3.03,3.03,False
Veg Lasagna,1073336209,Entree Plates,MENU,42.46,42.46,False
Vegan Matzah Ball Soup,842800239,Freezer,MENU,3.91,3.91,False
Veggie Cream Cheese (half pint),239554050,Deli Case,MENU,1.79,1.79,False
Veggie Quiche - Catering,601098496,Large Brunch Packages,MENU,5.19,5.19,False
Veggies + Nova per Person,259342402,Large Brunch Packages,MENU,2.35,2.35,False
Veggies per Person,259341922,Large Brunch Packages,MENU,0.94,0.94,False
VEP Chartreuse Green,758893785,Spirits,BAR,7.2,7.2,False
Vida Margarita,485214780,Cocktail,BAR,2.86,2.86,False
Vida Shot,562624906,Spirits,BAR,1.71,1.71,False
Virgin Bloody Moira,401549202,Drinks,MENU,1.35,1.35,True
Warm Goat Cheese,576545570,Appetizers,MENU,2.05,2.05,True
Warm Salt & Vinegar Chickpeas,417758568,Appetizers,MENU,0.53,0.53,True
Watermelon Sangria,646186950,Cocktail List,BAR,1.53,1.53,False
Welcome Baby!,338670811,Packages,MENU,40.3,40.3,False
Weldwerks Apricot Peach,628771876,Beer,BAR,4,4,True
Weldwerks Cobbler,638960818,Beer,BAR,4,4,True
Weller CYPB,1074780649,Spirits,BAR,3.22,3.22,False
Wendy's Mocktail ,1009227465,Cocktail,BAR,1.21,1.21,False
Wheatley Milwaukee Bloody Mary,576499685,Cocktail,BAR,2.08,2.08,False
Wheatley Vodka Shot,562533921,Spirits,BAR,0.75,0.75,False
Where Eagles Dare,253804508,Cocktail List,BAR,8.13,8.13,False
Whippoorwill,628719239,Cocktail,BAR,3.25,3.25,True
Whiskey Sour,562657768,Cocktail,BAR,1.61,1.61,False
White Light Glass,612661711,Wine,BAR,2.23,2.23,True
White Noise,307263921,Cocktail,BAR,1.86,1.86,False
White Tea Shot,563652962,Cocktail,BAR,1.32,1.32,False
"Whole Chocolate Cake - 6""",351507596,Pastries,MENU,5.39,5.39,False
Whole Passionfruit Cheesecake,592997892,Holiday Items,MENU,6.37,6.37,True
Wild commom repo shot,1009010504,Spirits,BAR,0.54,0.54,False
Wild Turkey 101 Bourbon Shot,562538063,Spirits,BAR,1.15,1.15,False
Wild Turkey Rare Breed,943807651,Spirits,BAR,0,,False
Wild Turkey Voyage,594300482,Spirits,BAR,12.15,12.15,False
Wilderness Trail Rye,652767999,Spirits,BAR,2.51,2.51,False
Willowdale,1123635860,Cocktail,BAR,2.95,2.95,False
Woo Woo Shot,563650992,Cocktail,BAR,0.83,0.83,False
Wooden Leg,323428043,Cocktail,BAR,2.66,2.66,False
Worthy Park Overproof,930005591,Spirits,BAR,0,,False
Wray and Nephew Daiquiri,493499494,Cocktail,BAR,1.88,1.88,True
WT 101 Manhattan,933511912,Cocktail,BAR,2.29,2.29,False
WT101 Old Fashioned,933510669,Cocktail,BAR,1.68,1.68,False
Zapps Chips - BBQ,862191514,Appetizers,MENU,1.13,1.13,False
Zapps Chips - Crawfish,862192319,Appetizers,MENU,1.6,1.6,False
Zapps Chips - Dill,862191320,Appetizers,MENU,1.6,1.6,False
Zapps Chips - Regular,862191848,Appetizers,MENU,1.6,1.6,False
Zapps Chips - Voodoo,862192024,Appetizers,MENU,1.6,1.6,False
Zero Gravity CH Haze Mini P,736779454,Draught Beer,BAR,2.66,2.66,True
Zero Gravity CH Haze Pitcher,736778646,Draught Beer,BAR,4.82,4.82,True
Zero Gravity CH Haze Shorty,736778375,Draught Beer,BAR,0.83,0.83,True
Zero Gravity Conehead Haze,736777568,Draught Beer,BAR,1.29,1.29,True
Zero Gravity Green State Light,840294123,Beer,BAR,0,,False
ZZZ New Tuna Salad (half pint),560880298,Deli Case,MENU,3.63,3.63,True
ZZZ New Tuna Salad Sandwich,560878618,Sandwiches,MENU,3.92,3.92,True
